,Variable,Instrument,Coefficient,Std Error,P-value
0,s6,World GVC,-0.5938566401600838,32.4723411004981,0.985409039894658
1,s6,World GVC,-5.364336108481368,34.40039534042133,0.8760817256595728
2,s6,World GVC,-1.7053726095433,32.31062130115705,0.9579067526711468
3,s6,World GVC,1.6121842915163145,1.683419778250432,0.3382220958891171
4,s6,World GVC,3.204925893865866,2.351772116405408,0.1729548201179511
5,s6,World GVC,2.0483674214222667,1.6986983211914346,0.2278771371786603
6,s6,World GVC,-0.9745247067403398,1.129311560584348,0.3881721175513362
7,s6,World GVC,-1.3701527261387063,1.3375043243600466,0.3056416884495752
8,s6,World GVC,-1.1823508990189389,1.1107893588749165,0.2871366473472365
